abilities,color,description,height,id,name,thumbnail,type,weight
overgrow,green,"A strange seed was planted on its back at birth. The plant sprouts and grows with this Pokémon.",7,1,bulbasaur,"https://assets.pokemon.com/assets/cms2/img/pokedex/detail/001.png",poison;grass,69
overgrow,green,"There is a plant bulb on its back. When it absorbs nutrients, the bulb is said to blossom into a large flower.",10,2,ivysaur,"https://assets.pokemon.com/assets/cms2/img/pokedex/detail/002.png",poison;grass,130
overgrow,green,"By spreading the broad petals of its flower and catching the sun’s rays, it fills its body with power.",20,3,venusaur,"https://assets.pokemon.com/assets/cms2/img/pokedex/detail/003.png",poison;grass,1000
blaze,red,"The flame on its tail indicates Charmander’s life force. If it is healthy, the flame burns brightly.",6,4,charmander,"https://assets.pokemon.com/assets/cms2/img/pokedex/detail/004.png",fire,85
blaze,red,"It lashes about with its tail to knock down its foe. It then tears up the fallen opponent with sharp claws.",11,5,charmeleon,"https://assets.pokemon.com/assets/cms2/img/pokedex/detail/005.png",fire,190
blaze,red,"When expelling a blast of superhot fire, the red flame at the tip of its tail burns more intensely.",17,6,charizard,"https://assets.pokemon.com/assets/cms2/img/pokedex/detail/006.png",flying;fire,905
torrent,blue,"It shelters itself in its shell, then strikes back with spouts of water at every opportunity.",5,7,squirtle,"https://assets.pokemon.com/assets/cms2/img/pokedex/detail/007.png",water,90
torrent,blue,"When tapped, this Pokémon will pull in its head, but its tail will still stick out a little bit.",10,8,wartortle,"https://assets.pokemon.com/assets/cms2/img/pokedex/detail/008.png",water,225
torrent,blue,"It crushes its foe under its heavy body to cause fainting. In a pinch, it will withdraw inside its shell.",16,9,blastoise,"https://assets.pokemon.com/assets/cms2/img/pokedex/detail/009.png",water,855
shield-dust,green,"For protection, it releases a horrible stench from the antennae on its head to drive away enemies.",3,10,caterpie,"https://assets.pokemon.com/assets/cms2/img/pokedex/detail/010.png",bug,29
shed-skin,green,"A steel-hard shell protects its tender body. It quietly endures hardships while awaiting evolution.",7,11,metapod,"https://assets.pokemon.com/assets/cms2/img/pokedex/detail/011.png",bug,99
compound-eyes,white,"It loves the honey of flowers and can locate flower patches that have even tiny amounts of pollen.",11,12,butterfree,"https://assets.pokemon.com/assets/cms2/img/pokedex/detail/012.png",flying;bug,320
shield-dust,brown,"Often found in forests and grasslands. It has a sharp, toxic barb of around two inches on top of its head.",3,13,weedle,"https://assets.pokemon.com/assets/cms2/img/pokedex/detail/013.png",poison;bug,32
shed-skin,yellow,"Almost incapable of moving, this Pokémon can only harden its shell to protect itself when it is in danger.",6,14,kakuna,"https://assets.pokemon.com/assets/cms2/img/pokedex/detail/014.png",poison;bug,100
swarm,yellow,"It has three poisonous stingers on its forelegs and its tail. They are used to jab its enemy repeatedly.",10,15,beedrill,"https://assets.pokemon.com/assets/cms2/img/pokedex/detail/015.png",poison;bug,295
tangled-feet;keen-eye,brown,"A common sight in forests and woods. It flaps its wings at ground level to kick up blinding sand.",3,16,pidgey,"https://assets.pokemon.com/assets/cms2/img/pokedex/detail/016.png",flying;normal,18
tangled-feet;keen-eye,brown,"The claws on its feet are well developed. It can carry prey such as an Exeggcute to its nest over 60 miles away.",11,17,pidgeotto,"https://assets.pokemon.com/assets/cms2/img/pokedex/detail/017.png",flying;normal,300
tangled-feet;keen-eye,brown,"When hunting, it skims the surface of water at high speed to pick off unwary prey such as Magikarp.",15,18,pidgeot,"https://assets.pokemon.com/assets/cms2/img/pokedex/detail/018.png",flying;normal,395
guts;run-away,purple,"Living wherever there is food available, it ceaselessly scavenges for edibles the entire day.",3,19,rattata,"https://assets.pokemon.com/assets/cms2/img/pokedex/detail/019.png",normal,35
guts;run-away,brown,"It whittles its constantly growing fangs by gnawing on hard things. It can chew apart cinder walls.",7,20,raticate,"https://assets.pokemon.com/assets/cms2/img/pokedex/detail/020.png",normal,185
keen-eye,brown,"Very protective of its territory, it flaps its short wings busily to dart around at high speed.",3,21,spearow,"https://assets.pokemon.com/assets/cms2/img/pokedex/detail/021.png",flying;normal,20
keen-eye,brown,"With its huge and magnificent wings, it can keep aloft without ever having to land for rest.",12,22,fearow,"https://assets.pokemon.com/assets/cms2/img/pokedex/detail/022.png",flying;normal,380
shed-skin;intimidate,purple,"The older it gets, the longer it grows. At night, it wraps its long body around tree branches to rest.",20,23,ekans,"https://assets.pokemon.com/assets/cms2/img/pokedex/detail/023.png",poison,69
shed-skin;intimidate,purple,"The pattern on its belly appears to be a frightening face. Weak foes will flee just at the sight of the pattern.",35,24,arbok,"https://assets.pokemon.com/assets/cms2/img/pokedex/detail/024.png",poison,650
static,yellow,"It raises its tail to check its surroundings. The tail is sometimes struck by lightning in this pose.",4,25,pikachu,"https://assets.pokemon.com/assets/cms2/img/pokedex/detail/025.png",electric,60
static,yellow,"When its electricity builds, its muscles are stimulated, and it becomes more aggressive than usual.",8,26,raichu,"https://assets.pokemon.com/assets/cms2/img/pokedex/detail/026.png",electric,300
sand-veil,yellow,"It burrows and lives underground. If threatened, it curls itself up into a ball for protection.",6,27,sandshrew,"https://assets.pokemon.com/assets/cms2/img/pokedex/detail/027.png",ground,120
sand-veil,yellow,"If it digs at an incredible pace, it may snap off its spikes and claws. They grow back in a day.",10,28,sandslash,"https://assets.pokemon.com/assets/cms2/img/pokedex/detail/028.png",ground,295
rivalry;poison-point,blue,"Although small, its venomous barbs render this Pokémon dangerous. The female has smaller horns.",4,29,nidoran-f,"https://assets.pokemon.com/assets/cms2/img/pokedex/detail/029.png",poison,70
rivalry;poison-point,blue,"The female has a gentle temperament. It emits ultrasonic cries that have the power to befuddle foes.",8,30,nidorina,"https://assets.pokemon.com/assets/cms2/img/pokedex/detail/030.png",poison,200
rivalry;poison-point,blue,"It uses its scaly, rugged body to seal the entrance of its nest and protect its young from predators.",13,31,nidoqueen,"https://assets.pokemon.com/assets/cms2/img/pokedex/detail/031.png",ground;poison,600
rivalry;poison-point,purple,"It scans its surroundings by raising its ears out of the grass. Its toxic horn is for protection.",5,32,nidoran-m,"https://assets.pokemon.com/assets/cms2/img/pokedex/detail/032.png",poison,90
rivalry;poison-point,purple,"It raises its big ears to check its surroundings. If it senses anything, it attacks immediately.",9,33,nidorino,"https://assets.pokemon.com/assets/cms2/img/pokedex/detail/033.png",poison,195
rivalry;poison-point,purple,"It is recognized by its rock-hard hide and its extended horn. Be careful with the horn, as it contains venom.",14,34,nidoking,"https://assets.pokemon.com/assets/cms2/img/pokedex/detail/034.png",ground;poison,620
magic-guard;cute-charm,pink,"It is said that happiness will come to those who see a gathering of Clefairy dancing under a full moon.",6,35,clefairy,"https://assets.pokemon.com/assets/cms2/img/pokedex/detail/035.png",fairy,75
magic-guard;cute-charm,pink,"Its hearing is so acute it can hear a pin drop over half a mile away. It lives on quiet mountains.",13,36,clefable,"https://assets.pokemon.com/assets/cms2/img/pokedex/detail/036.png",fairy,400
flash-fire,brown,"When it is born, it has just one snow-white tail. The tail splits from its tip as it grows older.",6,37,vulpix,"https://assets.pokemon.com/assets/cms2/img/pokedex/detail/037.png",fire,99
flash-fire,yellow,"It has nine long tails and fur that gleams gold. It is said to live for 1,000 years.",11,38,ninetales,"https://assets.pokemon.com/assets/cms2/img/pokedex/detail/038.png",fire,199
competitive;cute-charm,pink,"It captivates foes with its huge, round eyes, then lulls them to sleep by singing a soothing melody.",5,39,jigglypuff,"https://assets.pokemon.com/assets/cms2/img/pokedex/detail/039.png",fairy;normal,55
competitive;cute-charm,pink,"Their fur feels so good that if two of them snuggle together, they won’t want to be separated.",10,40,wigglytuff,"https://assets.pokemon.com/assets/cms2/img/pokedex/detail/040.png",fairy;normal,120
inner-focus,purple,"Even though it has no eyes, it can sense obstacles using ultrasonic waves it emits from its mouth.",8,41,zubat,"https://assets.pokemon.com/assets/cms2/img/pokedex/detail/041.png",flying;poison,75
inner-focus,purple,"Once it bites, it will not stop draining energy from the victim even if it gets too heavy to fly.",16,42,golbat,"https://assets.pokemon.com/assets/cms2/img/pokedex/detail/042.png",flying;poison,550
chlorophyll,blue,"During the day, it stays in the cold underground to avoid the sun. It grows by bathing in moonlight.",5,43,oddish,"https://assets.pokemon.com/assets/cms2/img/pokedex/detail/043.png",poison;grass,54
chlorophyll,blue,"Smells incredibly foul! However, around one out of a thousand people enjoy sniffing its nose-bending stink.",8,44,gloom,"https://assets.pokemon.com/assets/cms2/img/pokedex/detail/044.png",poison;grass,86
chlorophyll,red,"The larger its petals, the more toxic pollen it contains. Its big head is heavy and hard to hold up.",12,45,vileplume,"https://assets.pokemon.com/assets/cms2/img/pokedex/detail/045.png",poison;grass,186
dry-skin;effect-spore,red,"Growing out of the bug’s back are mushrooms called tochukaso. The mushrooms grow with the bug host.",3,46,paras,"https://assets.pokemon.com/assets/cms2/img/pokedex/detail/046.png",grass;bug,54
dry-skin;effect-spore,red,"A mushroom grown larger than the host’s body controls Parasect. It scatters poisonous spores.",10,47,parasect,"https://assets.pokemon.com/assets/cms2/img/pokedex/detail/047.png",grass;bug,295
"tinted-lens;compound-eyes",purple,"Its big eyes are actually clusters of tiny eyes. At night, its kind is drawn by light.",10,48,venonat,"https://assets.pokemon.com/assets/cms2/img/pokedex/detail/048.png",poison;bug,300
tinted-lens;shield-dust,purple,"The scales it scatters will paralyze anyone who touches them, making that person unable to stand.",15,49,venomoth,"https://assets.pokemon.com/assets/cms2/img/pokedex/detail/049.png",poison;bug,125
arena-trap;sand-veil,brown,"Lives about one yard underground where it feeds on plant roots. It sometimes appears aboveground.",2,50,diglett,"https://assets.pokemon.com/assets/cms2/img/pokedex/detail/050.png",ground,8
arena-trap;sand-veil,brown,"In battle, it digs through the ground and strikes the unsuspecting foe from an unexpected direction.",7,51,dugtrio,"https://assets.pokemon.com/assets/cms2/img/pokedex/detail/051.png",ground,333
technician;pickup,yellow,"It is nocturnal in nature. If it spots something shiny, its eyes glitter brightly.",4,52,meowth,"https://assets.pokemon.com/assets/cms2/img/pokedex/detail/052.png",normal,42
technician;limber,yellow,"Although its fur has many admirers, it is tough to raise as a pet because of its fickle meanness.",10,53,persian,"https://assets.pokemon.com/assets/cms2/img/pokedex/detail/053.png",normal,320
cloud-nine;damp,yellow,"It is constantly wracked by a headache. When the headache turns intense, it begins using mysterious powers.",8,54,psyduck,"https://assets.pokemon.com/assets/cms2/img/pokedex/detail/054.png",water,196
cloud-nine;damp,blue,"It appears by waterways at dusk. It may use telekinetic powers if its forehead glows mysteriously.",17,55,golduck,"https://assets.pokemon.com/assets/cms2/img/pokedex/detail/055.png",water,766
anger-point;vital-spirit,brown,"It’s unsafe to approach if it gets violently enraged for no reason and can’t distinguish friends from foes.",5,56,mankey,"https://assets.pokemon.com/assets/cms2/img/pokedex/detail/056.png",fighting,280
anger-point;vital-spirit,brown,"It stops being angry only when nobody else is around. To view this moment is very difficult.",10,57,primeape,"https://assets.pokemon.com/assets/cms2/img/pokedex/detail/057.png",fighting,320
flash-fire;intimidate,brown,"Very friendly and faithful to people. It will try to repel enemies by barking and biting.",7,58,growlithe,"https://assets.pokemon.com/assets/cms2/img/pokedex/detail/058.png",fire,190
flash-fire;intimidate,brown,"A Pokémon that has long been admired for its beauty. It runs agilely as if on wings.",19,59,arcanine,"https://assets.pokemon.com/assets/cms2/img/pokedex/detail/059.png",fire,1550
damp;water-absorb,blue,"Its slick black skin is thin and damp. A part of its internal organs can be seen through the skin as a spiral pattern.",6,60,poliwag,"https://assets.pokemon.com/assets/cms2/img/pokedex/detail/060.png",water,124
damp;water-absorb,blue,"It can live in or out of water. When out of water, it constantly sweats to keep its body slimy.",10,61,poliwhirl,"https://assets.pokemon.com/assets/cms2/img/pokedex/detail/061.png",water,200
damp;water-absorb,blue,"With its extremely tough muscles, it can keep swimming in the Pacific Ocean without resting.",13,62,poliwrath,"https://assets.pokemon.com/assets/cms2/img/pokedex/detail/062.png",fighting;water,540
inner-focus;synchronize,brown,"It sleeps for 18 hours a day. It uses a variety of extrasensory powers even while asleep.",9,63,abra,"https://assets.pokemon.com/assets/cms2/img/pokedex/detail/063.png",psychic,195
inner-focus;synchronize,brown,"When it uses its psychic power, it emits strong alpha waves that can ruin precision devices.",13,64,kadabra,"https://assets.pokemon.com/assets/cms2/img/pokedex/detail/064.png",psychic,565
inner-focus;synchronize,brown,"Its brain cells multiply continually until it dies. As a result, it remembers everything.",15,65,alakazam,"https://assets.pokemon.com/assets/cms2/img/pokedex/detail/065.png",psychic,480
no-guard;guts,gray,"It hefts a Graveler repeatedly to strengthen its entire body. It uses every type of martial arts.",8,66,machop,"https://assets.pokemon.com/assets/cms2/img/pokedex/detail/066.png",fighting,195
no-guard;guts,gray,"Its muscular body is so powerful, it must wear a power-save belt to be able to regulate its motions.",15,67,machoke,"https://assets.pokemon.com/assets/cms2/img/pokedex/detail/067.png",fighting,705
no-guard;guts,gray,"Its four ruggedly developed arms can launch a flurry of 1,000 punches in just two seconds.",16,68,machamp,"https://assets.pokemon.com/assets/cms2/img/pokedex/detail/068.png",fighting,1300
chlorophyll,green,"Even though its body is extremely skinny, it is blindingly fast when catching its prey.",7,69,bellsprout,"https://assets.pokemon.com/assets/cms2/img/pokedex/detail/069.png",poison;grass,40
chlorophyll,green,"The leafy parts act as cutters for slashing foes. It spits a fluid that dissolves everything.",10,70,weepinbell,"https://assets.pokemon.com/assets/cms2/img/pokedex/detail/070.png",poison;grass,64
chlorophyll,green,"Said to live in huge colonies deep in jungles, although no one has ever returned from there.",17,71,victreebel,"https://assets.pokemon.com/assets/cms2/img/pokedex/detail/071.png",poison;grass,155
liquid-ooze;clear-body,blue,"Its body is virtually composed of water. It shoots strange beams from its crystal-like eyes.",9,72,tentacool,"https://assets.pokemon.com/assets/cms2/img/pokedex/detail/072.png",poison;water,455
liquid-ooze;clear-body,blue,"The tentacles are normally kept short. On hunts, they are extended to ensnare and immobilize prey.",16,73,tentacruel,"https://assets.pokemon.com/assets/cms2/img/pokedex/detail/073.png",poison;water,550
sturdy;rock-head,brown,"Found in fields and mountains. Mistaking them for boulders, people often step or trip on them.",4,74,geodude,"https://assets.pokemon.com/assets/cms2/img/pokedex/detail/074.png",ground;rock,200
sturdy;rock-head,brown,"With a free and uncaring nature, it doesn’t mind if pieces break off while it rolls down mountains.",10,75,graveler,"https://assets.pokemon.com/assets/cms2/img/pokedex/detail/075.png",ground;rock,1050
sturdy;rock-head,brown,"It tumbles down mountains, leaving grooves from peak to base. Stay clear of these grooves.",14,76,golem,"https://assets.pokemon.com/assets/cms2/img/pokedex/detail/076.png",ground;rock,3000
flash-fire;run-away,yellow,"As a newborn, it can barely stand. However, through galloping, its legs are made tougher and faster.",10,77,ponyta,"https://assets.pokemon.com/assets/cms2/img/pokedex/detail/077.png",fire,300
flash-fire;run-away,yellow,"Very competitive, this Pokémon will chase anything that moves fast in the hopes of racing it.",17,78,rapidash,"https://assets.pokemon.com/assets/cms2/img/pokedex/detail/078.png",fire,950
own-tempo;oblivious,pink,"It is always vacantly lost in thought, but no one knows what it is thinking about. It is good at fishing with its tail.",12,79,slowpoke,"https://assets.pokemon.com/assets/cms2/img/pokedex/detail/079.png",psychic;water,360
own-tempo;oblivious,pink,"An attached Shellder won’t let go because of the tasty flavor that oozes out of its tail.",16,80,slowbro,"https://assets.pokemon.com/assets/cms2/img/pokedex/detail/080.png",psychic;water,785
sturdy;magnet-pull,gray,"The units at the sides of its body generate antigravity energy to keep it aloft in the air.",3,81,magnemite,"https://assets.pokemon.com/assets/cms2/img/pokedex/detail/081.png",steel;electric,60
sturdy;magnet-pull,gray,"A linked cluster formed of several Magnemite. It discharges powerful magnetic waves at high voltage.",10,82,magneton,"https://assets.pokemon.com/assets/cms2/img/pokedex/detail/082.png",steel;electric,600
inner-focus;keen-eye,brown,"The plant stalk it holds is its weapon. The stalk is used like a sword to cut all sorts of things.",8,83,farfetchd,"https://assets.pokemon.com/assets/cms2/img/pokedex/detail/083.png",flying;normal,150
early-bird;run-away,brown,"A two-headed Pokémon that was discovered as a sudden mutation. It runs at a pace of over 60 miles per hour.",14,84,doduo,"https://assets.pokemon.com/assets/cms2/img/pokedex/detail/084.png",flying;normal,392
early-bird;run-away,brown,"An enemy that takes its eyes off any of the three heads--even for a second--will get pecked severely.",18,85,dodrio,"https://assets.pokemon.com/assets/cms2/img/pokedex/detail/085.png",flying;normal,852
hydration;thick-fat,white,"A Pokémon that lives on icebergs. It swims in the sea using the point on its head to break up ice.",11,86,seel,"https://assets.pokemon.com/assets/cms2/img/pokedex/detail/086.png",water,900
hydration;thick-fat,white,"Its body is covered with a pure white fur. The colder the weather, the more active it becomes.",17,87,dewgong,"https://assets.pokemon.com/assets/cms2/img/pokedex/detail/087.png",ice;water,1200
sticky-hold;stench,purple,"Sludge exposed to X-rays from the moon transformed into Grimer. It loves feeding on filthy things.",9,88,grimer,"https://assets.pokemon.com/assets/cms2/img/pokedex/detail/088.png",poison,300
sticky-hold;stench,purple,"They love to gather in smelly areas where sludge accumulates, making the stench around them worse.",12,89,muk,"https://assets.pokemon.com/assets/cms2/img/pokedex/detail/089.png",poison,300
skill-link;shell-armor,purple,"Its hard shell repels any kind of attack. It is vulnerable only when its shell is open.",3,90,shellder,"https://assets.pokemon.com/assets/cms2/img/pokedex/detail/090.png",water,40
skill-link;shell-armor,purple,"Cloyster that live in seas with harsh tidal currents grow large, sharp spikes on their shells.",15,91,cloyster,"https://assets.pokemon.com/assets/cms2/img/pokedex/detail/091.png",ice;water,1325
levitate,purple,"Its body is made of gas. Despite lacking substance, it can envelop an opponent of any size and cause suffocation.",13,92,gastly,"https://assets.pokemon.com/assets/cms2/img/pokedex/detail/092.png",poison;ghost,1
levitate,purple,"If you get the feeling of being watched in darkness when nobody is around, Haunter is there.",16,93,haunter,"https://assets.pokemon.com/assets/cms2/img/pokedex/detail/093.png",poison;ghost,1
levitate,purple,"It hides in shadows. It is said that if Gengar is hiding, it cools the area by nearly 10 degrees Fahrenheit.",15,94,gengar,"https://assets.pokemon.com/assets/cms2/img/pokedex/detail/094.png",poison;ghost,405
sturdy;rock-head,gray,"Burrows at high speed in search of food. The tunnels it leaves are used as homes by Diglett.",88,95,onix,"https://assets.pokemon.com/assets/cms2/img/pokedex/detail/095.png",ground;rock,2100
forewarn;insomnia,yellow,"Puts enemies to sleep, then eats their dreams. Occasionally gets sick from eating only bad dreams.",10,96,drowzee,"https://assets.pokemon.com/assets/cms2/img/pokedex/detail/096.png",psychic,324
forewarn;insomnia,yellow,"It carries a pendulum-like device. There once was an incident in which it took away a child it hypnotized.",16,97,hypno,"https://assets.pokemon.com/assets/cms2/img/pokedex/detail/097.png",psychic,756
shell-armor;hyper-cutter,red,"If it senses danger approaching, it cloaks itself with bubbles from its mouth so it will look bigger.",4,98,krabby,"https://assets.pokemon.com/assets/cms2/img/pokedex/detail/098.png",water,65
shell-armor;hyper-cutter,red,"Its large and hard pincer has 10,000-horsepower strength. However, being so big, it is unwieldy to move.",13,99,kingler,"https://assets.pokemon.com/assets/cms2/img/pokedex/detail/099.png",water,600
static;soundproof,red,"It was discovered when Poké Balls were introduced. It is said that there is some connection.",5,100,voltorb,"https://assets.pokemon.com/assets/cms2/img/pokedex/detail/100.png",electric,104
static;soundproof,red,"It explodes in response to even minor stimuli. It is feared, with the nickname of “The Bomb Ball.”",12,101,electrode,"https://assets.pokemon.com/assets/cms2/img/pokedex/detail/101.png",electric,666
chlorophyll,pink,"Its six eggs converse using telepathy. They can quickly gather if they become separated.",4,102,exeggcute,"https://assets.pokemon.com/assets/cms2/img/pokedex/detail/102.png",psychic;grass,25
chlorophyll,yellow,"Its three heads think independently. However, they are friendly and never appear to squabble.",20,103,exeggutor,"https://assets.pokemon.com/assets/cms2/img/pokedex/detail/103.png",psychic;grass,1200
lightning-rod;rock-head,brown,"It wears the skull of its dead mother on its head. When it becomes lonesome, it is said to cry loudly.",4,104,cubone,"https://assets.pokemon.com/assets/cms2/img/pokedex/detail/104.png",ground,65
lightning-rod;rock-head,brown,"It is small and was originally very weak. Its temperament turned ferocious when it began using bones.",10,105,marowak,"https://assets.pokemon.com/assets/cms2/img/pokedex/detail/105.png",ground,450
reckless;limber,brown,"The legs freely contract and stretch. The stretchy legs allow it to hit a distant foe with a rising kick.",15,106,hitmonlee,"https://assets.pokemon.com/assets/cms2/img/pokedex/detail/106.png",fighting,498
iron-fist;keen-eye,brown,"The arm-twisting punches it throws pulverize even concrete. It rests after three minutes of fighting.",14,107,hitmonchan,"https://assets.pokemon.com/assets/cms2/img/pokedex/detail/107.png",fighting,502
oblivious;own-tempo,pink,"Its long tongue, slathered with a gooey saliva, sticks to anything, so it is very useful.",12,108,lickitung,"https://assets.pokemon.com/assets/cms2/img/pokedex/detail/108.png",normal,655
levitate,purple,"Its thin, balloon-like body is inflated by horribly toxic gases. It reeks when it is nearby.",6,109,koffing,"https://assets.pokemon.com/assets/cms2/img/pokedex/detail/109.png",poison,10
levitate,purple,"If one of the twin Koffing inflates, the other one deflates. It constantly mixes its poisonous gases.",12,110,weezing,"https://assets.pokemon.com/assets/cms2/img/pokedex/detail/110.png",poison,95
rock-head;lightning-rod,gray,"Strong, but not too bright, this Pokémon can shatter even a skyscraper with its charging Tackles.",10,111,rhyhorn,"https://assets.pokemon.com/assets/cms2/img/pokedex/detail/111.png",rock;ground,1150
rock-head;lightning-rod,gray,"Protected by an armor-like hide, it is capable of living in molten lava of 3,600 degrees Fahrenheit.",19,112,rhydon,"https://assets.pokemon.com/assets/cms2/img/pokedex/detail/112.png",rock;ground,1200
"serene-grace;natural-cure",pink,"It is said to deliver happiness. Being compassionate, it shares its eggs with injured people.",11,113,chansey,"https://assets.pokemon.com/assets/cms2/img/pokedex/detail/113.png",normal,346
leaf-guard;chlorophyll,blue,"Many writhing vines cover it, so its true identity remains unknown. The blue vines grow its whole life long.",10,114,tangela,"https://assets.pokemon.com/assets/cms2/img/pokedex/detail/114.png",grass,350
scrappy;early-bird,brown,"It raises its offspring in its belly pouch. It lets the baby out to play only when it feels safe.",22,115,kangaskhan,"https://assets.pokemon.com/assets/cms2/img/pokedex/detail/115.png",normal,800
sniper;swift-swim,blue,"Known to shoot down flying bugs with precision blasts of ink from the surface of the water.",4,116,horsea,"https://assets.pokemon.com/assets/cms2/img/pokedex/detail/116.png",water,80
sniper;poison-point,blue,"Its body bristles with sharp spikes. Carelessly trying to touch it could cause fainting from the spikes.",12,117,seadra,"https://assets.pokemon.com/assets/cms2/img/pokedex/detail/117.png",water,250
water-veil;swift-swim,red,"It swims at a steady 5 knots. If it senses danger, it will strike back with its sharp horn.",6,118,goldeen,"https://assets.pokemon.com/assets/cms2/img/pokedex/detail/118.png",water,150
water-veil;swift-swim,red,"In the autumn spawning season, they can be seen swimming powerfully up rivers and creeks.",13,119,seaking,"https://assets.pokemon.com/assets/cms2/img/pokedex/detail/119.png",water,390
natural-cure;illuminate,brown,"Even if its body is torn, it can regenerate as long as the glowing central core remains intact.",8,120,staryu,"https://assets.pokemon.com/assets/cms2/img/pokedex/detail/120.png",water,345
natural-cure;illuminate,purple,"Its central core glows with the seven colors of the rainbow. Some people value the core as a gem.",11,121,starmie,"https://assets.pokemon.com/assets/cms2/img/pokedex/detail/121.png",psychic;water,800
filter;soundproof,pink,"Emanations from its fingertips solidify the air into invisible walls that repel even harsh attacks.",13,122,mr-mime,"https://assets.pokemon.com/assets/cms2/img/pokedex/detail/122.png",fairy;psychic,545
technician;swarm,green,"It tears and shreds prey with its wickedly sharp scythes. It very rarely spreads its wings to fly.",15,123,scyther,"https://assets.pokemon.com/assets/cms2/img/pokedex/detail/123.png",flying;bug,560
forewarn;oblivious,red,"It wiggles its hips as it walks. It can cause people to dance in unison with it.",14,124,jynx,"https://assets.pokemon.com/assets/cms2/img/pokedex/detail/124.png",psychic;ice,406
static,yellow,"Electricity runs across the surface of its body. In darkness, its entire body glows a whitish blue.",11,125,electabuzz,"https://assets.pokemon.com/assets/cms2/img/pokedex/detail/125.png",electric,300
flame-body,red,"Found near the mouth of a volcano. This fire-breather’s body temperature is nearly 2,200 degrees Fahrenheit.",13,126,magmar,"https://assets.pokemon.com/assets/cms2/img/pokedex/detail/126.png",fire,445
"mold-breaker;hyper-cutter",brown,"It grips prey with its pincers until the prey is torn in half. What it can’t tear, it tosses far.",15,127,pinsir,"https://assets.pokemon.com/assets/cms2/img/pokedex/detail/127.png",bug,550
anger-point;intimidate,brown,"After heightening its will to fight by whipping itself with its three tails, it charges at full speed.",14,128,tauros,"https://assets.pokemon.com/assets/cms2/img/pokedex/detail/128.png",normal,884
swift-swim,red,"It is virtually worthless in terms of both power and speed. It is the most weak and pathetic Pokémon in the world.",9,129,magikarp,"https://assets.pokemon.com/assets/cms2/img/pokedex/detail/129.png",water,100
intimidate,blue,"In ancient literature, there is a record of a Gyarados that razed a village when violence flared.",65,130,gyarados,"https://assets.pokemon.com/assets/cms2/img/pokedex/detail/130.png",flying;water,2350
shell-armor;water-absorb,blue,"They have gentle hearts. Because they rarely fight, many have been caught. Their number has dwindled.",25,131,lapras,"https://assets.pokemon.com/assets/cms2/img/pokedex/detail/131.png",ice;water,2200
limber,purple,"It has the ability to reconstitute its entire cellular structure to transform into whatever it sees.",3,132,ditto,"https://assets.pokemon.com/assets/cms2/img/pokedex/detail/132.png",normal,40
adaptability;run-away,brown,"A rare Pokémon that adapts to harsh environments by taking on different evolutionary forms.",3,133,eevee,"https://assets.pokemon.com/assets/cms2/img/pokedex/detail/133.png",normal,65
water-absorb,blue,"It prefers beautiful shores. With cells similar to water molecules, it could melt in water.",10,134,vaporeon,"https://assets.pokemon.com/assets/cms2/img/pokedex/detail/134.png",water,290
volt-absorb,yellow,"Every hair on its body starts to stand sharply on end if it becomes charged with electricity.",8,135,jolteon,"https://assets.pokemon.com/assets/cms2/img/pokedex/detail/135.png",electric,245
flash-fire,red,"It has a flame sac in its body. Its body temperature tops 1,650 degrees Fahrenheit before battle.",9,136,flareon,"https://assets.pokemon.com/assets/cms2/img/pokedex/detail/136.png",fire,250
download;trace,pink,"A man-made Pokémon that came about as a result of research. It is programmed with only basic motions.",8,137,porygon,"https://assets.pokemon.com/assets/cms2/img/pokedex/detail/137.png",normal,365
shell-armor;swift-swim,blue,"A prehistoric Pokémon that lived in the primordial sea, it swims by twisting its 10 tentacles about.",4,138,omanyte,"https://assets.pokemon.com/assets/cms2/img/pokedex/detail/138.png",water;rock,75
shell-armor;swift-swim,blue,"Its tentacles are highly developed as if they are hands and feet. As soon as it ensnares prey, it bites.",10,139,omastar,"https://assets.pokemon.com/assets/cms2/img/pokedex/detail/139.png",water;rock,350
battle-armor;swift-swim,brown,"It is thought to have inhabited beaches 300 million years ago. It is protected by a stiff shell.",5,140,kabuto,"https://assets.pokemon.com/assets/cms2/img/pokedex/detail/140.png",water;rock,115
battle-armor;swift-swim,brown,"In the water, it tucks in its limbs to become more compact, then it wiggles its shell to swim fast.",13,141,kabutops,"https://assets.pokemon.com/assets/cms2/img/pokedex/detail/141.png",water;rock,405
pressure;rock-head,purple,"It was regenerated from a dinosaur’s genetic matter that was found in amber. It flies with high-pitched cries.",18,142,aerodactyl,"https://assets.pokemon.com/assets/cms2/img/pokedex/detail/142.png",flying;rock,590
thick-fat;immunity,black,"It is not satisfied unless it eats over 880 pounds of food every day. When it is done eating, it goes promptly to sleep.",21,143,snorlax,"https://assets.pokemon.com/assets/cms2/img/pokedex/detail/143.png",normal,4600
pressure,blue,"A legendary bird Pokémon. It can create blizzards by freezing moisture in the air.",17,144,articuno,"https://assets.pokemon.com/assets/cms2/img/pokedex/detail/144.png",flying;ice,554
pressure,yellow,"A legendary bird Pokémon that is said to appear from clouds while dropping enormous lightning bolts.",16,145,zapdos,"https://assets.pokemon.com/assets/cms2/img/pokedex/detail/145.png",flying;electric,526
pressure,yellow,"It is said to be the legendary bird Pokémon of fire. Every flap of its wings creates a dazzling flare of flames.",20,146,moltres,"https://assets.pokemon.com/assets/cms2/img/pokedex/detail/146.png",flying;fire,600
shed-skin,blue,"It is called the “Mirage Pokémon” because so few have seen it. Its shed skin has been found.",18,147,dratini,"https://assets.pokemon.com/assets/cms2/img/pokedex/detail/147.png",dragon,33
shed-skin,blue,"Its crystalline orbs appear to give this Pokémon the power to freely control the weather.",40,148,dragonair,"https://assets.pokemon.com/assets/cms2/img/pokedex/detail/148.png",dragon,165
inner-focus,brown,"It can fly in spite of its big and bulky physique. It circles the globe in just 16 hours.",22,149,dragonite,"https://assets.pokemon.com/assets/cms2/img/pokedex/detail/149.png",flying;dragon,2100
pressure,purple,"It was created by a scientist after years of horrific gene-splicing and DNA-engineering experiments.",20,150,mewtwo,"https://assets.pokemon.com/assets/cms2/img/pokedex/detail/150.png",psychic,1220
synchronize,pink,"Because it can use all kinds of moves, many scientists believe Mew to be the ancestor of Pokémon.",4,151,mew,"https://assets.pokemon.com/assets/cms2/img/pokedex/detail/151.png",psychic,40
overgrow,green,"A sweet aroma gently wafts from the leaf on its head. It is docile and loves to soak up sun rays.",9,152,chikorita,"https://assets.pokemon.com/assets/cms2/img/pokedex/detail/152.png",grass,64
overgrow,green,"A spicy aroma emanates from around its neck. The aroma acts as a stimulant to restore health.",12,153,bayleef,"https://assets.pokemon.com/assets/cms2/img/pokedex/detail/153.png",grass,158
overgrow,green,"The aroma that rises from its petals contains a substance that calms aggressive feelings.",18,154,meganium,"https://assets.pokemon.com/assets/cms2/img/pokedex/detail/154.png",grass,1005
blaze,yellow,"It is timid and always curls itself up in a ball. If attacked, it flares up its back for protection.",5,155,cyndaquil,"https://assets.pokemon.com/assets/cms2/img/pokedex/detail/155.png",fire,79
blaze,yellow,"Before battle, it turns its back on its opponent to demonstrate how ferociously its fire blazes.",9,156,quilava,"https://assets.pokemon.com/assets/cms2/img/pokedex/detail/156.png",fire,190
blaze,yellow,"If its rage peaks, it becomes so hot that anything that touches it will instantly go up in flames.",17,157,typhlosion,"https://assets.pokemon.com/assets/cms2/img/pokedex/detail/157.png",fire,795
torrent,blue,"It is small but rough and tough. It won’t hesitate to take a bite out of anything that moves.",6,158,totodile,"https://assets.pokemon.com/assets/cms2/img/pokedex/detail/158.png",water,95
torrent,blue,"If it loses a fang, a new one grows back in its place. There are always 48 fangs lining its mouth.",11,159,croconaw,"https://assets.pokemon.com/assets/cms2/img/pokedex/detail/159.png",water,250
torrent,blue,"It usually moves slowly, but it goes at blinding speed when it attacks and bites prey.",23,160,feraligatr,"https://assets.pokemon.com/assets/cms2/img/pokedex/detail/160.png",water,888
keen-eye;run-away,brown,"When acting as a lookout, it warns others of danger by screeching and hitting the ground with its tail.",8,161,sentret,"https://assets.pokemon.com/assets/cms2/img/pokedex/detail/161.png",normal,60
keen-eye;run-away,brown,"The mother puts its offspring to sleep by curling up around them. It corners foes with speed.",18,162,furret,"https://assets.pokemon.com/assets/cms2/img/pokedex/detail/162.png",normal,325
keen-eye;insomnia,brown,"It has a perfect sense of time. Whatever happens, it keeps rhythm by precisely tilting its head in time.",7,163,hoothoot,"https://assets.pokemon.com/assets/cms2/img/pokedex/detail/163.png",flying;normal,212
keen-eye;insomnia,brown,"Its eyes are specially adapted. They concentrate even faint light and enable it to see in the dark.",16,164,noctowl,"https://assets.pokemon.com/assets/cms2/img/pokedex/detail/164.png",flying;normal,408
early-bird;swarm,red,"When the weather turns cold, lots of Ledyba gather from everywhere to cluster and keep each other warm.",10,165,ledyba,"https://assets.pokemon.com/assets/cms2/img/pokedex/detail/165.png",flying;bug,108
early-bird;swarm,red,"When the stars flicker in the night sky, it flutters about, scattering a glowing powder.",14,166,ledian,"https://assets.pokemon.com/assets/cms2/img/pokedex/detail/166.png",flying;bug,356
insomnia;swarm,green,"It spins a web using fine--but durable--thread. It then waits patiently for prey to be trapped.",5,167,spinarak,"https://assets.pokemon.com/assets/cms2/img/pokedex/detail/167.png",poison;bug,85
insomnia;swarm,red,"It spins string not only from its rear but also from its mouth. It’s hard to tell which end is which.",11,168,ariados,"https://assets.pokemon.com/assets/cms2/img/pokedex/detail/168.png",poison;bug,335
inner-focus,purple,"It flies so silently through the dark on its four wings that it may not be noticed even when nearby.",18,169,crobat,"https://assets.pokemon.com/assets/cms2/img/pokedex/detail/169.png",flying;poison,750
illuminate;volt-absorb,blue,"On the dark ocean floor, its only means of communication is its constantly flashing lights.",5,170,chinchou,"https://assets.pokemon.com/assets/cms2/img/pokedex/detail/170.png",electric;water,120
illuminate;volt-absorb,blue,"Lanturn’s light can shine up from great depths. It is nicknamed “The Deep-Sea Star.”",12,171,lanturn,"https://assets.pokemon.com/assets/cms2/img/pokedex/detail/171.png",electric;water,225
static,yellow,"It plays with others by touching tails and setting off sparks. This appears to be a test of courage.",3,172,pichu,"https://assets.pokemon.com/assets/cms2/img/pokedex/detail/172.png",electric,20
magic-guard;cute-charm,pink,"Because of its unusual, starlike silhouette, people believe that it came here on a meteor.",3,173,cleffa,"https://assets.pokemon.com/assets/cms2/img/pokedex/detail/173.png",fairy,30
competitive;cute-charm,pink,"Instead of walking with its short legs, it moves around by bouncing on its soft, tender body.",3,174,igglybuff,"https://assets.pokemon.com/assets/cms2/img/pokedex/detail/174.png",fairy;normal,10
serene-grace;hustle,white,"The shell seems to be filled with joy. It is said that it will share good luck when treated kindly.",3,175,togepi,"https://assets.pokemon.com/assets/cms2/img/pokedex/detail/175.png",fairy,15
serene-grace;hustle,white,"It grows dispirited if it is not with kind people. It can float in midair without moving its wings.",6,176,togetic,"https://assets.pokemon.com/assets/cms2/img/pokedex/detail/176.png",flying;fairy,32
early-bird;synchronize,green,"Because its wings aren’t yet fully grown, it has to hop to get around. It is always staring at something.",2,177,natu,"https://assets.pokemon.com/assets/cms2/img/pokedex/detail/177.png",flying;psychic,20
early-bird;synchronize,green,"Once it begins to meditate at sunrise, the entire day will pass before it will move again.",15,178,xatu,"https://assets.pokemon.com/assets/cms2/img/pokedex/detail/178.png",flying;psychic,150
static,white,"Its fluffy coat swells to double when static electricity builds up. Touching it can be shocking.",6,179,mareep,"https://assets.pokemon.com/assets/cms2/img/pokedex/detail/179.png",electric,78
static,pink,"Its fluffy fleece easily stores electricity. Its rubbery hide keeps it from being electrocuted.",8,180,flaaffy,"https://assets.pokemon.com/assets/cms2/img/pokedex/detail/180.png",electric,133
static,yellow,"The tail’s tip shines brightly and can be seen from far away. It acts as a beacon for lost people.",14,181,ampharos,"https://assets.pokemon.com/assets/cms2/img/pokedex/detail/181.png",electric,615
chlorophyll,green,"Bellossom gather at times and seem to dance. They say that the dance is a ritual to summon the sun.",4,182,bellossom,"https://assets.pokemon.com/assets/cms2/img/pokedex/detail/182.png",grass,58
huge-power;thick-fat,blue,"The fur on its body naturally repels water. It can stay dry, even when it plays in the water.",4,183,marill,"https://assets.pokemon.com/assets/cms2/img/pokedex/detail/183.png",fairy;water,85
huge-power;thick-fat,blue,"Its long ears are superb sensors. It can distinguish the movements of living things on riverbeds.",8,184,azumarill,"https://assets.pokemon.com/assets/cms2/img/pokedex/detail/184.png",fairy;water,285
rock-head;sturdy,brown,"Although it always pretends to be a tree, its composition appears more similar to rock than to vegetation.",12,185,sudowoodo,"https://assets.pokemon.com/assets/cms2/img/pokedex/detail/185.png",rock,380
damp;water-absorb,green,"Whenever three or more of these get together, they sing in a loud voice that sounds like bellowing.",11,186,politoed,"https://assets.pokemon.com/assets/cms2/img/pokedex/detail/186.png",water,339
leaf-guard;chlorophyll,pink,"Its body is so light, it must grip the ground firmly with its feet to keep from being blown away.",4,187,hoppip,"https://assets.pokemon.com/assets/cms2/img/pokedex/detail/187.png",flying;grass,5
leaf-guard;chlorophyll,green,"The bloom on top of its head opens and closes as the temperature fluctuates up and down.",6,188,skiploom,"https://assets.pokemon.com/assets/cms2/img/pokedex/detail/188.png",flying;grass,10
leaf-guard;chlorophyll,blue,"Blown by seasonal winds, it circles the globe, scattering cotton spores as it goes.",8,189,jumpluff,"https://assets.pokemon.com/assets/cms2/img/pokedex/detail/189.png",flying;grass,30
pickup;run-away,purple,"It lives atop tall trees. When leaping from branch to branch, it deftly uses its tail for balance.",8,190,aipom,"https://assets.pokemon.com/assets/cms2/img/pokedex/detail/190.png",normal,115
solar-power;chlorophyll,yellow,"It may plummet from the sky. If attacked by a Spearow, it will violently shake its leaves.",3,191,sunkern,"https://assets.pokemon.com/assets/cms2/img/pokedex/detail/191.png",grass,18
solar-power;chlorophyll,yellow,"As the hot season approaches, the petals on this Pokémon’s face become more vivid and lively.",8,192,sunflora,"https://assets.pokemon.com/assets/cms2/img/pokedex/detail/192.png",grass,85
"compound-eyes;speed-boost",red,"Its eyes can see 360 degrees without moving its head. It won’t miss prey--even those behind it.",12,193,yanma,"https://assets.pokemon.com/assets/cms2/img/pokedex/detail/193.png",flying;bug,380
water-absorb;damp,blue,"This Pokémon lives in cold water. It will leave the water to search for food when it gets cold outside.",4,194,wooper,"https://assets.pokemon.com/assets/cms2/img/pokedex/detail/194.png",ground;water,85
water-absorb;damp,blue,"It has a sluggish nature. It lies at the river’s bottom, waiting for prey to stray into its mouth.",14,195,quagsire,"https://assets.pokemon.com/assets/cms2/img/pokedex/detail/195.png",ground;water,750
synchronize,purple,"The tip of its forked tail quivers when it is predicting its opponent’s next move.",9,196,espeon,"https://assets.pokemon.com/assets/cms2/img/pokedex/detail/196.png",psychic,265
synchronize,black,"The light of the moon changed Eevee’s genetic structure. It lurks in darkness for prey.",10,197,umbreon,"https://assets.pokemon.com/assets/cms2/img/pokedex/detail/197.png",dark,270
super-luck;insomnia,black,"It hides any shiny object it finds in a secret location. Murkrow and Meowth loot one another’s stashes.",5,198,murkrow,"https://assets.pokemon.com/assets/cms2/img/pokedex/detail/198.png",flying;dark,21
own-tempo;oblivious,pink,"It has incredible intellect and intuition. Whatever the situation, it remains calm and collected.",20,199,slowking,"https://assets.pokemon.com/assets/cms2/img/pokedex/detail/199.png",psychic;water,795
levitate,gray,"It gets nourishment from fear that it absorbs into its red orbs. In daytime, it sleeps in darkness.",7,200,misdreavus,"https://assets.pokemon.com/assets/cms2/img/pokedex/detail/200.png",ghost,10
levitate,black,"Its flat, thin body is always stuck on walls. Its shape appears to have some meaning.",5,201,unown,"https://assets.pokemon.com/assets/cms2/img/pokedex/detail/201.png",psychic,50
shadow-tag,blue,"It hates light and shock. If attacked, it inflates its body to build up its counterstrike.",13,202,wobbuffet,"https://assets.pokemon.com/assets/cms2/img/pokedex/detail/202.png",psychic,285
early-bird;inner-focus,yellow,"While it sleeps, the head on its tail keeps watch. The tail doesn’t need to sleep.",15,203,girafarig,"https://assets.pokemon.com/assets/cms2/img/pokedex/detail/203.png",psychic;normal,415
sturdy,gray,"It likes to make its shell thicker by adding layers of tree bark. The additional weight doesn’t bother it.",6,204,pineco,"https://assets.pokemon.com/assets/cms2/img/pokedex/detail/204.png",bug,72
sturdy,purple,"It is encased in a steel shell. Its peering eyes are all that can be seen of its mysterious innards.",12,205,forretress,"https://assets.pokemon.com/assets/cms2/img/pokedex/detail/205.png",steel;bug,1258
run-away;serene-grace,yellow,"When spotted, this Pokémon escapes backward by furiously boring into the ground with its tail.",15,206,dunsparce,"https://assets.pokemon.com/assets/cms2/img/pokedex/detail/206.png",normal,140
sand-veil;hyper-cutter,purple,"It usually clings to cliffs. When it spots its prey, it spreads its wings and glides down to attack.",11,207,gligar,"https://assets.pokemon.com/assets/cms2/img/pokedex/detail/207.png",flying;ground,648
sturdy;rock-head,gray,"Tempered underground under high pressure and heat, its body is harder than any metal.",92,208,steelix,"https://assets.pokemon.com/assets/cms2/img/pokedex/detail/208.png",ground;steel,4000
run-away;intimidate,pink,"It has an active, playful nature. Many women like to frolic with it because of its affectionate ways.",6,209,snubbull,"https://assets.pokemon.com/assets/cms2/img/pokedex/detail/209.png",fairy,78
quick-feet;intimidate,purple,"It is timid in spite of its looks. If it becomes enraged, however, it will strike with its huge fangs.",14,210,granbull,"https://assets.pokemon.com/assets/cms2/img/pokedex/detail/210.png",fairy,487
swift-swim;poison-point,gray,"To fire its poison spikes, it must inflate its body by drinking over 2.6 gallons of water all at once.",5,211,qwilfish,"https://assets.pokemon.com/assets/cms2/img/pokedex/detail/211.png",poison;water,39
technician;swarm,red,"This Pokémon’s pincers, which contain steel, can crush any hard object it gets ahold of into bits.",18,212,scizor,"https://assets.pokemon.com/assets/cms2/img/pokedex/detail/212.png",steel;bug,1180
gluttony;sturdy,yellow,"The berries stored in its jar-like shell eventually become a thick, pulpy juice.",6,213,shuckle,"https://assets.pokemon.com/assets/cms2/img/pokedex/detail/213.png",rock;bug,205
guts;swarm,blue,"This powerful Pokémon thrusts its prized horn under its enemies’ bellies, then lifts and throws them.",15,214,heracross,"https://assets.pokemon.com/assets/cms2/img/pokedex/detail/214.png",fighting;bug,540
keen-eye;inner-focus,black,"It feeds on eggs stolen from nests. Its sharply hooked claws rip vulnerable spots on prey.",9,215,sneasel,"https://assets.pokemon.com/assets/cms2/img/pokedex/detail/215.png",ice;dark,280
quick-feet;pickup,brown,"If it finds honey, its crescent mark glows. It always licks its paws because they’re soaked with honey.",6,216,teddiursa,"https://assets.pokemon.com/assets/cms2/img/pokedex/detail/216.png",normal,88
quick-feet;guts,brown,"With its ability to distinguish any aroma, it unfailingly finds all food buried deep underground.",18,217,ursaring,"https://assets.pokemon.com/assets/cms2/img/pokedex/detail/217.png",normal,1258
flame-body;magma-armor,red,"A common sight in volcanic areas, it slowly slithers around in a constant search for warm places.",7,218,slugma,"https://assets.pokemon.com/assets/cms2/img/pokedex/detail/218.png",fire,350
flame-body;magma-armor,red,"Its brittle shell occasionally spouts intense flames that circulate throughout its body.",8,219,magcargo,"https://assets.pokemon.com/assets/cms2/img/pokedex/detail/219.png",rock;fire,550
snow-cloak;oblivious,brown,"It rubs its snout on the ground to find and dig up food. It sometimes discovers hot springs.",4,220,swinub,"https://assets.pokemon.com/assets/cms2/img/pokedex/detail/220.png",ground;ice,65
snow-cloak;oblivious,brown,"Although its legs are short, its rugged hooves prevent it from slipping, even on icy ground.",11,221,piloswine,"https://assets.pokemon.com/assets/cms2/img/pokedex/detail/221.png",ground;ice,558
natural-cure;hustle,pink,"It continuously sheds and grows. The tip of its head is prized as a treasure because of its beauty.",6,222,corsola,"https://assets.pokemon.com/assets/cms2/img/pokedex/detail/222.png",rock;water,50
sniper;hustle,gray,"It has superb accuracy. The water it shoots out can strike moving prey from more than 300 feet away.",6,223,remoraid,"https://assets.pokemon.com/assets/cms2/img/pokedex/detail/223.png",water,120
sniper;suction-cups,red,"It has a tendency to want to be in holes. It prefers rock crags or pots and sprays ink from them before attacking.",9,224,octillery,"https://assets.pokemon.com/assets/cms2/img/pokedex/detail/224.png",water,285
hustle;vital-spirit,red,"It carries food rolled up in its tail. It has the habit of sharing food with people lost in mountains.",9,225,delibird,"https://assets.pokemon.com/assets/cms2/img/pokedex/detail/225.png",flying;ice,160
water-absorb;swift-swim,purple,"If it builds up enough speed swimming, it can fly over 300 feet out of the water from the surface of the ocean.",21,226,mantine,"https://assets.pokemon.com/assets/cms2/img/pokedex/detail/226.png",flying;water,2200
sturdy;keen-eye,gray,"After nesting in bramble bushes, the wings of its chicks grow hard from scratches by thorns.",17,227,skarmory,"https://assets.pokemon.com/assets/cms2/img/pokedex/detail/227.png",flying;steel,505
flash-fire;early-bird,black,"Around dawn, its ominous howl echoes through the area to announce that this is its territory.",6,228,houndour,"https://assets.pokemon.com/assets/cms2/img/pokedex/detail/228.png",fire;dark,108
flash-fire;early-bird,black,"Long ago, people imagined its eerie howls to be the call of the grim reaper.",14,229,houndoom,"https://assets.pokemon.com/assets/cms2/img/pokedex/detail/229.png",fire;dark,350
sniper;swift-swim,blue,"It is said that it usually hides in underwater caves. It can create whirlpools by yawning.",18,230,kingdra,"https://assets.pokemon.com/assets/cms2/img/pokedex/detail/230.png",dragon;water,1520
pickup,blue,"As a sign of affection, it bumps with its snout. However, it is so strong, it may send you flying.",5,231,phanpy,"https://assets.pokemon.com/assets/cms2/img/pokedex/detail/231.png",ground,335
sturdy,gray,"It has sharp, hard tusks and a rugged hide. Its Tackle is strong enough to knock down a house.",11,232,donphan,"https://assets.pokemon.com/assets/cms2/img/pokedex/detail/232.png",ground,1200
download;trace,red,"Further research enhanced its abilities. Sometimes, it may exhibit motions that were not programmed.",6,233,porygon2,"https://assets.pokemon.com/assets/cms2/img/pokedex/detail/233.png",normal,325
frisk;intimidate,brown,"Staring at its antlers creates an odd sensation as if one were being drawn into their centers.",14,234,stantler,"https://assets.pokemon.com/assets/cms2/img/pokedex/detail/234.png",normal,712
technician;own-tempo,white,"It marks its territory by using its tail like a paintbrush. There are more than 5,000 different marks.",12,235,smeargle,"https://assets.pokemon.com/assets/cms2/img/pokedex/detail/235.png",normal,580
steadfast;guts,purple,"It is always bursting with energy. To make itself stronger, it keeps on fighting even if it loses.",7,236,tyrogue,"https://assets.pokemon.com/assets/cms2/img/pokedex/detail/236.png",fighting,210
technician;intimidate,brown,"It fights while spinning like a top. The centrifugal force boosts its destructive power by 10.",14,237,hitmontop,"https://assets.pokemon.com/assets/cms2/img/pokedex/detail/237.png",fighting,480
forewarn;oblivious,pink,"Its lips are the most sensitive part of its body. It always uses its lips first to examine things.",4,238,smoochum,"https://assets.pokemon.com/assets/cms2/img/pokedex/detail/238.png",psychic;ice,60
static,yellow,"It generates electricity by whirling its arms. However, it can’t store the energy it makes.",6,239,elekid,"https://assets.pokemon.com/assets/cms2/img/pokedex/detail/239.png",electric,235
flame-body,red,"It’s small, but its body temperature is over 1,100 degrees Fahrenheit. Embers escape its mouth and nose when it breathes.",7,240,magby,"https://assets.pokemon.com/assets/cms2/img/pokedex/detail/240.png",fire,214
scrappy;thick-fat,pink,"If it is around babies, the milk it produces contains much more nutrition than usual.",12,241,miltank,"https://assets.pokemon.com/assets/cms2/img/pokedex/detail/241.png",normal,755
"serene-grace;natural-cure",pink,"The eggs it lays are filled with happiness. Eating even one bite will bring a smile to anyone.",15,242,blissey,"https://assets.pokemon.com/assets/cms2/img/pokedex/detail/242.png",normal,468
pressure,yellow,"The rain clouds it carries let it fire thunderbolts at will. They say that it descended with lightning.",19,243,raikou,"https://assets.pokemon.com/assets/cms2/img/pokedex/detail/243.png",electric,1780
pressure,brown,"A Pokémon that races across the land. It is said that one is born every time a new volcano appears.",21,244,entei,"https://assets.pokemon.com/assets/cms2/img/pokedex/detail/244.png",fire,1980
pressure,blue,"It races around the world to purify fouled water. It dashes away with the north wind.",20,245,suicune,"https://assets.pokemon.com/assets/cms2/img/pokedex/detail/245.png",water,1870
guts,green,"It feeds on soil. After it has eaten a large mountain, it falls asleep so it can grow.",6,246,larvitar,"https://assets.pokemon.com/assets/cms2/img/pokedex/detail/246.png",ground;rock,720
shed-skin,gray,"Its body is as hard as bedrock. By venting pressurized gas, it can launch itself like a rocket.",12,247,pupitar,"https://assets.pokemon.com/assets/cms2/img/pokedex/detail/247.png",ground;rock,1520
sand-stream,green,"In just one of its mighty hands, it has the power to make the ground shake and mountains crumble.",20,248,tyranitar,"https://assets.pokemon.com/assets/cms2/img/pokedex/detail/248.png",dark;rock,2020
pressure,white,"It sleeps in a deep-sea trench. If it flaps its wings, it is said to cause a 40-day storm.",52,249,lugia,"https://assets.pokemon.com/assets/cms2/img/pokedex/detail/249.png",flying;psychic,2160
pressure,red,"A legend says that its body glows in seven colors. A rainbow is said to form behind it when it flies.",38,250,ho-oh,"https://assets.pokemon.com/assets/cms2/img/pokedex/detail/250.png",flying;fire,1990
natural-cure,green,"This Pokémon wanders across time. Grass and trees flourish in the forests in which it has appeared.",6,251,celebi,"https://assets.pokemon.com/assets/cms2/img/pokedex/detail/251.png",grass;psychic,50
